<?xml version="1.0" encoding="UTF-8"?>
<metadata>
  <identifier>winampskin_D-Shock</identifier>
  <collection>winampskinsmodern</collection>
  <description>Winamp Skin: D Shock</description>
  <language>eng</language>
  <mediatype>software</mediatype>
  <scanner>Internet Archive Python library 1.7.4</scanner>
  <title>Winamp Skin: D Shock</title>
  <publicdate>2018-06-27 23:13:56</publicdate>
  <uploader>sketch@cow.net</uploader>
  <addeddate>2018-06-27 23:13:56</addeddate>
  <skintype>wal</skintype>
  <backup_location>ia906707_25</backup_location>
</metadata>
