<?xml version="1.0" encoding="UTF-8"?>
<files>
  <file name="D-Shock.wal" source="original">
    <mtime>1530141235</mtime>
    <size>579541</size>
    <md5>b6c7780178a109d28da044045d6d0c2c</md5>
    <crc32>862425a1</crc32>
    <sha1>fb8e41b04872f4ada30c473ed6542e4a330cc3be</sha1>
    <format>Unknown</format>
  </file>
  <file name="__ia_thumb.jpg" source="original">
    <mtime>1530479896</mtime>
    <size>9156</size>
    <format>JPEG Thumb</format>
    <rotation>0</rotation>
    <md5>bb8c0bfd18a500bff3f3bf82727b90f0</md5>
    <crc32>321ea5cd</crc32>
    <sha1>84175114973d0607b4434d883bd838363ee7d634</sha1>
  </file>
  <file name="screenshot_wal.png" source="original">
    <mtime>1530146922</mtime>
    <size>58761</size>
    <md5>454db5ead4fe5900e0a7e5d6ef4fae09</md5>
    <crc32>b59016c7</crc32>
    <sha1>48f727a1789a869a1f6c551569ccbe3daea0e3f3</sha1>
    <format>PNG</format>
  </file>
  <file name="screenshot_wal_thumb.jpg" source="derivative">
    <format>JPEG Thumb</format>
    <original>screenshot_wal.png</original>
    <mtime>1530146931</mtime>
    <size>5113</size>
    <md5>f366139928c9d4c97b3116466f2fb89f</md5>
    <crc32>3bf80f07</crc32>
    <sha1>2ddbb58c4a5e660c9b563a271638b8e2434f8b71</sha1>
  </file>
  <file name="winampskin_D-Shock_archive.torrent" source="metadata">
    <btih>78e3080be483109cf40a690c07c7f5a36768b443</btih>
    <mtime>1551319197</mtime>
    <size>2205</size>
    <md5>d55860af5415eb123b8315c439a72a1e</md5>
    <crc32>9c7620bd</crc32>
    <sha1>d9ebb468cfeafb7e9ad4b8073584f6cd9fb7076b</sha1>
    <format>Archive BitTorrent</format>
  </file>
  <file name="winampskin_D-Shock_files.xml" source="original">
    <format>Metadata</format>
    <md5>ee70072a107b5c24b6ad11ca49a075a5</md5>
  </file>
  <file name="winampskin_D-Shock_meta.sqlite" source="original">
    <mtime>1530146924</mtime>
    <size>10240</size>
    <format>Metadata</format>
    <md5>f1726eeebdb4cfb4953cb58528a6ffd7</md5>
    <crc32>eb6a3b6b</crc32>
    <sha1>08d1b4fa492449276b8e5670dade80fe618d8750</sha1>
  </file>
  <file name="winampskin_D-Shock_meta.xml" source="original">
    <mtime>1551319196</mtime>
    <size>567</size>
    <format>Metadata</format>
    <md5>1ff7b55e7b1051010963fe85988ea8fc</md5>
    <crc32>2dc5e517</crc32>
    <sha1>a568fc8a7bc9526eeb428fe918e45ef9181f9e92</sha1>
  </file>
</files>
